<?xml version="1.0" encoding="UTF-8"?>
<root>
  <item name="com.makeramen.roundedimageview.RoundedDrawable com.makeramen.roundedimageview.RoundedDrawable setBorderColor(int) 0">
    <annotation name="android.support.annotation.ColorInt" />
  </item>
  <item name="com.makeramen.roundedimageview.RoundedDrawable com.makeramen.roundedimageview.RoundedDrawable setCornerRadius(int, float) 0">
    <annotation name="android.support.annotation.IntDef">
      <val name="value" val="{com.makeramen.roundedimageview.RoundedDrawable.CORNER_TOP_LEFT, com.makeramen.roundedimageview.RoundedDrawable.CORNER_TOP_RIGHT, com.makeramen.roundedimageview.RoundedDrawable.CORNER_BOTTOM_LEFT, com.makeramen.roundedimageview.RoundedDrawable.CORNER_BOTTOM_RIGHT}" />
    </annotation>
  </item>
  <item name="com.makeramen.roundedimageview.RoundedDrawable float getCornerRadius(int) 0">
    <annotation name="android.support.annotation.IntDef">
      <val name="value" val="{com.makeramen.roundedimageview.RoundedDrawable.CORNER_TOP_LEFT, com.makeramen.roundedimageview.RoundedDrawable.CORNER_TOP_RIGHT, com.makeramen.roundedimageview.RoundedDrawable.CORNER_BOTTOM_LEFT, com.makeramen.roundedimageview.RoundedDrawable.CORNER_BOTTOM_RIGHT}" />
    </annotation>
  </item>
  <item name="com.makeramen.roundedimageview.RoundedImageView float getCornerRadius(int) 0">
    <annotation name="android.support.annotation.IntDef">
      <val name="value" val="{com.makeramen.roundedimageview.RoundedDrawable.CORNER_TOP_LEFT, com.makeramen.roundedimageview.RoundedDrawable.CORNER_TOP_RIGHT, com.makeramen.roundedimageview.RoundedDrawable.CORNER_BOTTOM_LEFT, com.makeramen.roundedimageview.RoundedDrawable.CORNER_BOTTOM_RIGHT}" />
    </annotation>
  </item>
  <item name="com.makeramen.roundedimageview.RoundedImageView int getBorderColor()">
    <annotation name="android.support.annotation.ColorInt" />
  </item>
  <item name="com.makeramen.roundedimageview.RoundedImageView void setBorderColor(int) 0">
    <annotation name="android.support.annotation.ColorInt" />
  </item>
  <item name="com.makeramen.roundedimageview.RoundedImageView void setBorderWidth(int) 0">
    <annotation name="android.support.annotation.DimenRes" />
  </item>
  <item name="com.makeramen.roundedimageview.RoundedImageView void setCornerRadius(int, float) 0">
    <annotation name="android.support.annotation.IntDef">
      <val name="value" val="{com.makeramen.roundedimageview.RoundedDrawable.CORNER_TOP_LEFT, com.makeramen.roundedimageview.RoundedDrawable.CORNER_TOP_RIGHT, com.makeramen.roundedimageview.RoundedDrawable.CORNER_BOTTOM_LEFT, com.makeramen.roundedimageview.RoundedDrawable.CORNER_BOTTOM_RIGHT}" />
    </annotation>
  </item>
  <item name="com.makeramen.roundedimageview.RoundedImageView void setCornerRadiusDimen(int) 0">
    <annotation name="android.support.annotation.DimenRes" />
  </item>
  <item name="com.makeramen.roundedimageview.RoundedImageView void setCornerRadiusDimen(int, int) 0">
    <annotation name="android.support.annotation.IntDef">
      <val name="value" val="{com.makeramen.roundedimageview.RoundedDrawable.CORNER_TOP_LEFT, com.makeramen.roundedimageview.RoundedDrawable.CORNER_TOP_RIGHT, com.makeramen.roundedimageview.RoundedDrawable.CORNER_BOTTOM_LEFT, com.makeramen.roundedimageview.RoundedDrawable.CORNER_BOTTOM_RIGHT}" />
    </annotation>
  </item>
  <item name="com.makeramen.roundedimageview.RoundedImageView void setCornerRadiusDimen(int, int) 1">
    <annotation name="android.support.annotation.DimenRes" />
  </item>
  <item name="com.makeramen.roundedimageview.RoundedImageView void setImageResource(int) 0">
    <annotation name="android.support.annotation.DrawableRes" />
  </item>
</root>

